,order,priority
Older Residents & care workers in Care Homes,1,294927.10635731695
80+ & Health and care Workers,2,2009321.933834664
75+,3,808707.0
70+ & Clinically Extremely Vulnerable Adults,4,2220339.1751793935
65+,5,827225.361138396
Adults who are at Risk,6,1605501.3794552323
60+,7,748231.355976068
55+,8,931111.2242977744
50+,9,1055657.9976854043
Rest,10,10322152.46607575
