,order,priority
Older Residents & care workers in Care Homes,1,304361.7231162027
80+ & Health and care Workers,2,2044851.9089627156
75+,3,816863.0
70+ & Clinically Extremely Vulnerable Adults,4,14128452.673727008
65+,5,-8129.34749913065
Adults who are at Risk,6,96.0
60+,7,-18448.851824776888
55+,8,-28345.92710807943
50+,9,-21345.350766852825
Rest,10,3841241.171392914
