,order,priority
Older Residents & care workers in Care Homes,1,304361.7231162027
80+ & Health and care Workers,2,2044851.9089627156
75+,3,816863.0
70+ & Clinically Extremely Vulnerable Adults,4,2239238.613798114
65+,5,833660.6511339039
Adults who are at Risk,6,1801914.5754157796
60+,7,738777.9919067791
55+,8,915875.5663463727
50+,9,1037026.4477780212
Rest,10,10327026.521542111
